Station Name,EAST POINT (AUT),,,,,,,,,,,,,,,,,,,,,,,,,
Province,PRINCE EDWARD ISLAND,,,,,,,,,,,,,,,,,,,,,,,,,
Latitude,46.46,,,,,,,,,,,,,,,,,,,,,,,,,
Longitude,-61.99,,,,,,,,,,,,,,,,,,,,,,,,,
Elevation,7.7,,,,,,,,,,,,,,,,,,,,,,,,,
Climate Identifier,8300418,,,,,,,,,,,,,,,,,,,,,,,,,
WMO Identifier,71412,,,,,,,,,,,,,,,,,,,,,,,,,
TC Identifier,WEP,,,,,,,Mean Max Temp (°C),Mean Min Temp (°C),Mean Temp (°C),Extr Max Temp (°C),Extr Min Temp (°C),Heat Deg Days (°C),Cool Deg Days (°C),,,,,,,,,,,,
,,,,,,,,-0.551612903,-7.061290323,-3.816129032,7.4,-19.7,676.3,0,,,,,,,,,,,,
Legend,,,,,,,,-1.117241379,-8.227586207,-4.693103448,7.2,-18.2,658.1,0,,,,,,,,,,,,
A,Accumulated,,,,,,,-0.406451613,-7.825806452,-4.135483871,8.6,-13,686.2,0,,,,,,,,,,,,
C,"Precipitation occurred, amount uncertain",,,,,,,5.296666667,-0.016666667,2.663333333,12.5,-3.7,460.1,0,,,,,,,,,,,,
E,Estimated,,,,,,,9.703225806,4.190322581,6.970967742,17.2,-0.1,341.9,0,,,,,,,,,,,,
F,Accumulated and estimated,,,,,,,16.21,11.01,13.65,22.9,8.3,132.3,1.8,,,,,,,,,,,,
L,Precipitation may or may not have occurred,,,,,,,23.36774194,16.33870968,19.88064516,26.3,12.1,4.9,63.2,,,,,,,,,,,,
M,Missing,,,,,,,20.78387097,14.57741935,17.70967742,25.9,9.6,30.2,21.2,,,,,,,,,,,,
N,Temperature missing but known to be > 0,,,,,,,17.81666667,11.35666667,14.61333333,23.6,2.8,104.9,3.3,,,,,,,,,,,,
S,More than one occurrence,,,,,,,12.20322581,6.751612903,9.503225806,16,2,263.4,0,,,,,,,,,,,,
T,Trace,,,,,,,8.196551724,1.96,5.227586207,17.3,-7.3,370.4,0,,,,,,,,,,,,
Y,Temperature missing but known to be < 0,,,,,,,3.62,-4.523333333,-0.453333333,13.9,-12,553.6,0,,,,,,,,,,,,
[empty],No data available,,,,,,,,,,,,,,,,,,,,,,,,,
^,The value displayed is based on incomplete data,,,,,,,,,,,,,,,,,,,,,,,,,
†,Data that is not subject to review by the National Climate Archives,,,,,,,,,,,,,,,,,,,,,,,,,
,,,,,,,,,,,,,,,,,,,,,,,,,,
Date/Time,Year,Month,Day,Data Quality,Max Temp (°C),Max Temp Flag,Min Temp (°C),Min Temp Flag,Mean Temp (°C),Mean Temp Flag,Heat Deg Days (°C),Heat Deg Days Flag,Cool Deg Days (°C),Cool Deg Days Flag,Total Rain (mm),Total Rain Flag,Total Snow (cm),Total Snow Flag,Total Precip (mm),Total Precip Flag,Snow on Grnd (cm),Snow on Grnd Flag,Dir of Max Gust (10s deg),Dir of Max Gust Flag,Spd of Max Gust (km/h),Spd of Max Gust Flag
2008/1/1,2008,1,1,,-1.7,,-7.7,,-4.7,,22.7,,0,,,M,,M,1.5,,,,26,,56,
2008/1/2,2008,1,2,,-0.1,,-6.9,,-3.5,,21.5,,0,,,M,,M,6.3,,,,32,,83,
2008/1/3,2008,1,3,,-6.4,,-8.3,,-7.4,,25.4,,0,,,M,,M,0.6,,,,32,,56,
2008/1/4,2008,1,4,,-6.1,,-11.4,,-8.8,,26.8,,0,,,M,,M,0,,,,21,,48,
2008/1/5,2008,1,5,,-2,,-8.6,,-5.3,,23.3,,0,,,M,,M,0.9,,,,24,,37,
2008/1/6,2008,1,6,,0.5,,-2.5,,-1,,19,,0,,,M,,M,0,,,,,,<31,
2008/1/7,2008,1,7,,5.9,,-0.5,,2.7,,15.3,,0,,,M,,M,0,,,,21,,50,
2008/1/8,2008,1,8,,5.9,,0.8,,3.4,,14.6,,0,,,M,,M,1.5,,,,,,<31,
2008/1/9,2008,1,9,,7.4,,0.6,,4,,14,,0,,,M,,M,0.6,,,,15,,48,
2008/1/10,2008,1,10,,5.4,,0.4,,2.9,,15.1,,0,,,M,,M,0,,,,24,,44,
2008/1/11,2008,1,11,,1.9,,-1.2,,0.4,,17.6,,0,,,M,,M,19.9,,,,16,,50,
2008/1/12,2008,1,12,,6.5,,0.3,,3.4,,14.6,,0,,,M,,M,1.2,,,,15,,76,
2008/1/13,2008,1,13,,0.7,,-3.1,,-1.2,,19.2,,0,,,M,,M,0,,,,31,,50,
2008/1/14,2008,1,14,,-0.2,,-3.7,,-2,,20,,0,,,M,,M,1.4,,,,6,,59,
2008/1/15,2008,1,15,,0.6,,-0.6,,0,,18,,0,,,M,,M,0.7,,,,35,,48,
2008/1/16,2008,1,16,,-0.5,,-2.9,,-1.7,,19.7,,0,,,M,,M,0.6,,,,1,,72,
2008/1/17,2008,1,17,,-2.3,,-9.9,,-6.1,,24.1,,0,,,M,,M,0.9,,,,1,,50,
2008/1/18,2008,1,18,,3.9,,-8.7,,-2.4,,20.4,,0,,,M,,M,4.9,,,,15,,80,
2008/1/19,2008,1,19,,0.3,,-5.1,,-2.4,,20.4,,0,,,M,,M,0,,,,19,,46,
2008/1/20,2008,1,20,,-2.3,,-15.3,,-8.8,,26.8,,0,,,M,,M,3.2,,,,26,,69,
2008/1/21,2008,1,21,,-15.3,,-19.7,,-17.5,,35.5,,0,,,M,,M,0.6,,,,27,,61,
2008/1/22,2008,1,22,,0.7,,-18.1,,-8.7,,26.7,,0,,,M,,M,0.6,,,,17,,63,
2008/1/23,2008,1,23,,0.7,,-10.2,,-4.8,,22.8,,0,,,M,,M,0.7,,,,29,,46,
2008/1/24,2008,1,24,,-5.6,,-13.9,,-9.8,,27.8,,0,,,M,,M,0,,,,26,,37,
2008/1/25,2008,1,25,,-9.3,,-14.8,,-12.1,,30.1,,0,,,M,,M,0,,,,33,,50,
2008/1/26,2008,1,26,,-12.1,,-16.8,,-14.5,,32.5,,0,,,M,,M,2.7,,,,28,,48,
2008/1/27,2008,1,27,,-6,,-17.9,,-12,,30,,0,,,M,,M,0.7,,,,9,,35,
2008/1/28,2008,1,28,,0.8,,-6,,-2.6,,20.6,,0,,,M,,M,24.9,,,,4,,70,
2008/1/29,2008,1,29,,2.2,,-1.5,,0.4,,17.6,,0,,,M,,M,4.9,,,,4,,72,
2008/1/30,2008,1,30,,5.4,,-1.4,,2,,16,,0,,,M,,M,2.4,,,,16,,61,
2008/1/31,2008,1,31,,4,,-4.3,,-0.2,,18.2,,0,,,M,,M,0,,,,30,,48,
2008/2/1,2008,2,1,,-2.6,,-5.7,,-4.2,,22.2,,0,,,M,,M,0,,,,8,,41,
2008/2/2,2008,2,2,,4.5,,-4.6,,-0.1,,18.1,,0,,,M,,M,10.4,,,,27,,80,
2008/2/3,2008,2,3,,-3.8,,-5.6,,-4.7,,22.7,,0,,,M,,M,0,,,,29,,54,
2008/2/4,2008,2,4,,-4.6,,-6.3,,-5.5,,23.5,,0,,,M,,M,1.3,,,,33,,37,
2008/2/5,2008,2,5,,-1.9,,-11.8,,-6.9,,24.9,,0,,,M,,M,4.6,,,,16,,43,
2008/2/6,2008,2,6,,-0.1,,-3.3,,-1.7,,19.7,,0,,,M,,M,0.7,,,,31,,39,
2008/2/7,2008,2,7,,-3.2,,-6,,-4.6,,22.6,,0,,,M,,M,0,,,,4,,46,
2008/2/8,2008,2,8,,-1.7,,-6.5,,-4.1,,22.1,,0,,,M,,M,0,,,,,,<31,
2008/2/9,2008,2,9,,-2.5,,-7.1,,-4.8,,22.8,,0,,,M,,M,2.5,,,,,,<31,
2008/2/10,2008,2,10,,-0.9,,-2.5,,-1.7,,19.7,,0,,,M,,M,9.8,,,,9,,52,
2008/2/11,2008,2,11,,-1.5,,-7,,-4.3,,22.3,,0,,,M,,M,4.2,,,,28,,74,
2008/2/12,2008,2,12,,-5,,-9.3,,-7.2,,25.2,,0,,,M,,M,0,,,,27,,56,
2008/2/13,2008,2,13,,4.1,,-12,,-4,,22,,0,,,M,,M,22.7,,,,16,,76,
2008/2/14,2008,2,14,,5.3,,-5.4,,-0.1,,18.1,,0,,,M,,M,9.4,,,,32,,63,
2008/2/15,2008,2,15,,0.3,,-7.9,,-3.8,,21.8,,0,,,M,,M,1.3,,,,29,,63,
2008/2/16,2008,2,16,,-4.4,,-16,,-10.2,,28.2,,0,,,M,,M,0.6,,,,27,,72,
2008/2/17,2008,2,17,,-2.5,,-18.2,,-10.4,,28.4,,0,,,M,,M,0,,,,18,,48,
2008/2/18,2008,2,18,,6.2,,-2.7,,1.8,,16.2,,0,,,M,,M,33.1,,,,17,,56,
2008/2/19,2008,2,19,,7.2,,-0.5,,3.4,,14.6,,0,,,M,,M,0.7,,,,23,,54,
2008/2/20,2008,2,20,,-0.3,,-8.7,,-4.5,,22.5,,0,,,M,,M,3.3,,,,19,,65,
2008/2/21,2008,2,21,,-8.5,,-12.3,,-10.4,,28.4,,0,,,M,,M,0,,,,31,,46,
2008/2/22,2008,2,22,,-3.8,,-13.2,,-8.5,,26.5,,0,,,M,,M,0.7,,,,29,,48,
2008/2/23,2008,2,23,,-4.7,,-11.7,,-8.2,,26.2,,0,,,M,,M,1.9,,,,3,,41,
2008/2/24,2008,2,24,,-1.9,,-10.4,,-6.2,,24.2,,0,,,M,,M,0.6,,,,22,,32,
2008/2/25,2008,2,25,,1.7,,-5.8,,-2.1,,20.1,,0,,,M,,M,0,,,,28,,32,
2008/2/26,2008,2,26,,0.7,,-4.6,,-2,,20,,0,,,M,,M,2.3,,,,,,<31,
2008/2/27,2008,2,27,,7,,-4.4,,1.3,,16.7,,0,,,M,,M,4.1,,,,12,,52,
2008/2/28,2008,2,28,,-4.3,,-11.2,,-7.8,,25.8,,0,,,M,,M,1.3,,,,32,,41,
2008/2/29,2008,2,29,,-11.2,,-17.9,,-14.6,,32.6,,0,,,M,,M,1.5,,,,33,,37,
2008/3/1,2008,3,1,,-0.6,,-12,,-6.3,,24.3,,0,,,M,,M,3.7,,,,11,,63,
2008/3/2,2008,3,2,,1.9,,-7.3,,-2.7,,20.7,,0,,,M,,M,2.7,,,,31,,113,
2008/3/3,2008,3,3,,-1.8,,-9.2,,-5.5,,23.5,,0,,,M,,M,0,,,,32,,82,
2008/3/4,2008,3,4,,8.6,,-6.6,,1,,17,,0,,,M,,M,0,,,,24,,65,
2008/3/5,2008,3,5,,5.5,,-8.4,,-1.5,,19.5,,0,,,M,,M,5.1,,,,15,,69,
2008/3/6,2008,3,6,,5.6,,-5.6,,0,,18,,0,,,M,,M,0.6,,,,27,,50,
2008/3/7,2008,3,7,,2.6,,-5.3,,-1.4,,19.4,,0,,,M,,M,0.7,,,,16,,48,
2008/3/8,2008,3,8,,7.3,,-1,,3.2,,14.8,,0,,,M,,M,32.1,,,,15,,44,
2008/3/9,2008,3,9,,4.5,,-8.4,,-2,,20,,0,,,M,,M,25.2,,,,28,,67,
2008/3/10,2008,3,10,,-6.1,,-11.3,,-8.7,,26.7,,0,,,M,,M,4.7,,,,31,,50,
2008/3/11,2008,3,11,,-2.8,,-10.4,,-6.6,,24.6,,0,,,M,,M,0.9,,,,,,<31,
2008/3/12,2008,3,12,,0.8,,-3.7,,-1.5,,19.5,,0,,,M,,M,0,,,,19,,39,
2008/3/13,2008,3,13,,-1.4,,-11,,-6.2,,24.2,,0,,,M,,M,0,,,,32,,70,
2008/3/14,2008,3,14,,-7.2,,-10.9,,-9.1,,27.1,,0,,,M,,M,0,,,,29,,37,
2008/3/15,2008,3,15,,-4.7,,-10.1,,-7.4,,25.4,,0,,,M,,M,0,,,,4,,43,
2008/3/16,2008,3,16,,-2.7,,-8.1,,-5.4,,23.4,,0,,,M,,M,0,,,,1,,35,
2008/3/17,2008,3,17,,-2.7,,-6.4,,-4.6,,22.6,,0,,,M,,M,0,,,,36,,80,
2008/3/18,2008,3,18,,-5.4,,-9.5,,-7.5,,25.5,,0,,,M,,M,0,,,,36,,82,
2008/3/19,2008,3,19,,-3.4,,-8.8,,-6.1,,24.1,,0,,,M,,M,0,,,,1,,39,
2008/3/20,2008,3,20,,3.5,,-3.9,,-0.2,,18.2,,0,,,M,,M,5,,,,14,,59,
2008/3/21,2008,3,21,,3.3,,-5.6,,-1.2,,19.2,,0,,,M,,M,0.7,,,,19,,57,
2008/3/22,2008,3,22,,-4,,-7.2,,-5.6,,23.6,,0,,,M,,M,0,,,,23,,43,
2008/3/23,2008,3,23,,-5.4,,-9.5,,-7.5,,25.5,,0,,,M,,M,0,,,,25,,54,
2008/3/24,2008,3,24,,-4.2,,-10.5,,-7.4,,25.4,,0,,,M,,M,0,,,,27,,43,
2008/3/25,2008,3,25,,-4.5,,-12.8,,-8.7,,26.7,,0,,,M,,M,0,,,,34,,41,
2008/3/26,2008,3,26,,1.8,,-13,,-5.6,,23.6,,0,,,M,,M,0.7,,,,17,,54,
2008/3/27,2008,3,27,,1.6,,-2.4,,-0.4,,18.4,,0,,,M,,M,0,,,,27,,54,
2008/3/28,2008,3,28,,0,,-3.4,,-1.7,,19.7,,0,,,M,,M,0,,,,4,,37,
2008/3/29,2008,3,29,,-1.8,,-7.9,,-4.9,,22.9,,0,,,M,,M,0,,,,29,,35,
2008/3/30,2008,3,30,,-2.3,,-6.5,,-4.4,,22.4,,0,,,M,,M,0.7,,,,1,,54,
2008/3/31,2008,3,31,,1.4,,-5.9,,-2.3,,20.3,,0,,,M,,M,0,,,,,,<31,
2008/4/1,2008,4,1,,3,,-0.8,,1.1,,16.9,,0,,,M,,M,10.5,,,,17,,48,
2008/4/2,2008,4,2,,7.5,,-2.3,,2.6,,15.4,,0,,,M,,M,0.6,,,,29,,76,
2008/4/3,2008,4,3,,3.3,,-3.7,,-0.2,,18.2,,0,,,M,,M,0,,,,22,,93,
2008/4/4,2008,4,4,,7.3,,1.2,,4.3,,13.7,,0,,,M,,M,0,,,,26,,50,
2008/4/5,2008,4,5,,1.7,,0,,0.9,,17.1,,0,,,M,,M,3,,,,,,<31,
2008/4/6,2008,4,6,,2.1,,-1.8,,0.2,,17.8,,0,,,M,,M,0,,,,,,<31,
2008/4/7,2008,4,7,,2.7,,-1.8,,0.5,,17.5,,0,,,M,,M,0,,,,,,<31,
2008/4/8,2008,4,8,,2.1,,-1.6,,0.3,,17.7,,0,,,M,,M,0.6,,,,,,<31,
2008/4/9,2008,4,9,,7.8,,0.4,,4.1,,13.9,,0,,,M,,M,1.2,,,,,,<31,
2008/4/10,2008,4,10,,8.4,,1.1,,4.8,,13.2,,0,,,M,,M,2.6,,,,17,,46,
2008/4/11,2008,4,11,,4.5,,0.3,,2.4,,15.6,,0,,,M,,M,,M,,,26,,52,
2008/4/12,2008,4,12,,1.7,,-0.2,,0.8,,17.2,,0,,,M,,M,4.1,,,,7,,33,
2008/4/13,2008,4,13,,2.9,,-1,,1,,17,,0,,,M,,M,1.3,,,,29,,32,
2008/4/14,2008,4,14,,2.5,,-1.1,,0.7,,17.3,,0,,,M,,M,0,,,,27,,44,
2008/4/15,2008,4,15,,3,,-1.8,,0.6,,17.4,,0,,,M,,M,0.9,,,,25,,48,
2008/4/16,2008,4,16,,10,,-1.5,,4.3,,13.7,,0,,,M,,M,0,,,,22,,41,
2008/4/17,2008,4,17,,12.5,,1.6,,7.1,,10.9,,0,,,M,,M,0,,,,18,,46,
2008/4/18,2008,4,18,,10.1,,0.1,,5.1,,12.9,,0,,,M,,M,1.4,,,,19,,35,
2008/4/19,2008,4,19,,2.8,,0.1,,1.5,,16.5,,0,,,M,,M,0,,,,1,,39,
2008/4/20,2008,4,20,,4,,-0.8,,1.6,,16.4,,0,,,M,,M,1.4,,,,,,<31,
2008/4/21,2008,4,21,,8.1,,1,,4.6,,13.4,,0,,,M,,M,1.5,,,,,,<31,
2008/4/22,2008,4,22,,9.8,,0.4,,5.1,,12.9,,0,,,M,,M,0.8,,,,,,<31,
2008/4/23,2008,4,23,,5,,0,,2.5,,15.5,,0,,,M,,M,0,,,,5,,44,
2008/4/24,2008,4,24,,2.8,,0.1,,1.5,,16.5,,0,,,M,,M,3.3,,,,7,,32,
2008/4/25,2008,4,25,,2.8,,0.6,,1.7,,16.3,,0,,,M,,M,0.9,,,,2,,41,
2008/4/26,2008,4,26,,4.2,,1.2,,2.7,,15.3,,0,,,M,,M,0,,,,4,,41,
2008/4/27,2008,4,27,,4,,1.2,,2.6,,15.4,,0,,,M,,M,0,,,,1,,32,
2008/4/28,2008,4,28,,5.4,,1.4,,3.4,,14.6,,0,,,M,,M,0,,,,30,,37,
2008/4/29,2008,4,29,,9.9,,4,,7,,11,,0,,,M,,M,0,,,,16,,39,
2008/4/30,2008,4,30,,7,,3.2,,5.1,,12.9,,0,,,M,,M,13.7,,,,13,,44,
2008/5/1,2008,5,1,,4.9,,2.1,,3.5,,14.5,,0,,,M,,M,15.2,,,,,,<31,
2008/5/2,2008,5,2,,5.3,,1.1,,3.2,,14.8,,0,,,M,,M,1.4,,,,,,<31,
2008/5/3,2008,5,3,,5.7,,0.3,,3,,15,,0,,,M,,M,0,,,,,,<31,
2008/5/4,2008,5,4,,7.2,,-0.1,,3.6,,14.4,,0,,,M,,M,1.3,,,,,,<31,
2008/5/5,2008,5,5,,10.7,,4.3,,7.5,,10.5,,0,,,M,,M,0.6,,,,,,<31,
2008/5/6,2008,5,6,,11,,3.9,,7.5,,10.5,,0,,,M,,M,0.7,,,,,,<31,
2008/5/7,2008,5,7,,11.9,,3.2,,7.6,,10.4,,0,,,M,,M,1.7,,,,,,<31,
2008/5/8,2008,5,8,,11.2,,2.6,,6.9,,11.1,,0,,,M,,M,12.7,,,,15,,41,
2008/5/9,2008,5,9,,8.5,,4.2,,6.4,,11.6,,0,,,M,,M,0,,,,28,,43,
2008/5/10,2008,5,10,,6.8,,4.2,,5.5,,12.5,,0,,,M,,M,0,,,,5,,46,
2008/5/11,2008,5,11,,4.9,,3.9,,4.4,,13.6,,0,,,M,,M,5.1,,,,5,,67,
2008/5/12,2008,5,12,,5.9,,3.1,,4.5,,13.5,,0,,,M,,M,0,,,,1,,48,
2008/5/13,2008,5,13,,5.4,,2.9,,4.2,,13.8,,0,,,M,,M,0,,,,2,,56,
2008/5/14,2008,5,14,,6.5,,2.9,,4.7,,13.3,,0,,,M,,M,0,,,,3,,41,
2008/5/15,2008,5,15,,6.9,,2.1,,4.5,,13.5,,0,,,M,,M,8.5,,,,,,<31,
2008/5/16,2008,5,16,,6.6,,2.5,,4.6,,13.4,,0,,,M,,M,20.8,,,,,,<31,
2008/5/17,2008,5,17,,4.7,,1.6,,3.2,,14.8,,0,,,M,,M,12.1,,,,3,,56,
2008/5/18,2008,5,18,,10.9,,4.1,,7.5,,10.5,,0,,,M,,M,0,,,,28,,44,
2008/5/19,2008,5,19,,11,,5.4,,8.2,,9.8,,0,,,M,,M,9.3,,,,15,,44,
2008/5/20,2008,5,20,,14.5,,5,,9.8,,8.2,,0,,,M,,M,0,,,,25,,44,
2008/5/21,2008,5,21,,6.9,,4.9,,5.9,,12.1,,0,,,M,,M,9.4,,,,32,,57,
2008/5/22,2008,5,22,,13.6,,6.5,,10.1,,7.9,,0,,,M,,M,0,,,,28,,43,
2008/5/23,2008,5,23,,8.6,,5.6,,7.1,,10.9,,0,,,M,,M,3.4,,,,1,,54,
2008/5/24,2008,5,24,,8.3,,5.6,,7,,11,,0,,,M,,M,0,,,,35,,32,
2008/5/25,2008,5,25,,13.1,,6.7,,9.9,,8.1,,0,,,M,,M,0,,,,21,,41,
2008/5/26,2008,5,26,,16.8,,7.4,,12.1,,5.9,,0,,,M,,M,0,,,,23,,56,
2008/5/27,2008,5,27,,16,,8.3,,12.2,,5.8,,0,,,M,,M,9.1,,,,21,,54,
2008/5/28,2008,5,28,,11.6,,6.5,,9.1,,8.9,,0,,,M,,M,0.7,,,,28,,56,
2008/5/29,2008,5,29,,17.2,,5.9,,11.6,,6.4,,0,,,M,,M,0,,,,28,,67,
2008/5/30,2008,5,30,,12.5,,6,,9.3,,8.7,,0,,,M,,M,0,,,,28,,46,
2008/5/31,2008,5,31,,15.7,,7.2,,11.5,,6.5,,0,,,M,,M,7.1,,,,14,,59,
2008/6/1,2008,6,1,,14.1,,8.4,,11.3,,6.7,,0,,,M,,M,1.8,,,,17,,61,
2008/6/2,2008,6,2,,17.1,,8.4,,12.8,,5.2,,0,,,M,,M,0,,,,30,,44,
2008/6/3,2008,6,3,,18.2,,8.3,,13.3,,4.7,,0,,,M,,M,1.5,,,,29,,48,
2008/6/4,2008,6,4,,13.3,,9.2,,11.3,,6.7,,0,,,M,,M,1.3,,,,,,<31,
2008/6/5,2008,6,5,,12.6,,9.1,,10.9,,7.1,,0,,,M,,M,1.3,,,,,,<31,
2008/6/6,2008,6,6,,13.6,,9.5,,11.6,,6.4,,0,,,M,,M,0,,,,21,,37,
2008/6/7,2008,6,7,,16.9,,10.6,,13.8,,4.2,,0,,,M,,M,0,,,,15,,37,
2008/6/8,2008,6,8,,12.6,,10.1,,11.4,,6.6,,0,,,M,,M,5.2,,,,17,,50,
2008/6/9,2008,6,9,,14.7,,9.4,,12.1,,5.9,,0,,,M,,M,0.7,,,,36,,35,
2008/6/10,2008,6,10,,14.2,,8.9,,11.6,,6.4,,0,,,M,,M,0,,,,,,<31,
2008/6/11,2008,6,11,,16.4,,10.7,,13.6,,4.4,,0,,,M,,M,0,,,,18,,50,
2008/6/12,2008,6,12,,15.3,,11.8,,13.6,,4.4,,0,,,M,,M,0,,,,31,,57,
2008/6/13,2008,6,13,,12.4,,9.1,,10.8,,7.2,,0,,,M,,M,0.7,,,,34,,76,
2008/6/14,2008,6,14,,11.2,,8.9,,10.1,,7.9,,0,,,M,,M,0,,,,1,,59,
2008/6/15,2008,6,15,,12,,8.9,,10.5,,7.5,,0,,,M,,M,0,,,,2,,33,
2008/6/16,2008,6,16,,13.6,,8.9,,11.3,,6.7,,0,,,M,,M,0,,,,,,<31,
2008/6/17,2008,6,17,,14.2,,10.7,,12.5,,5.5,,0,,,M,,M,0,,,,,,<31,
2008/6/18,2008,6,18,,17.1,,11.6,,14.4,,3.6,,0,,,M,,M,0.7,,,,10,,35,
2008/6/19,2008,6,19,,15.2,,11.1,,13.2,,4.8,,0,,,M,,M,6.5,,,,18,,39,
2008/6/20,2008,6,20,,17,,11,,14,,4,,0,,,M,,M,0,,,,19,,37,
2008/6/21,2008,6,21,,19.7,,11.1,,15.4,,2.6,,0,,,M,,M,0,,,,,,<31,
2008/6/22,2008,6,22,,21.3,,13,,17.2,,0.8,,0,,,M,,M,0,,,,21,,37,
2008/6/23,2008,6,23,,22.9,,14.7,,18.8,,0,,0.8,,,M,,M,0,,,,21,,39,
2008/6/24,2008,6,24,,21.9,,15.1,,18.5,,0,,0.5,,,M,,M,10.3,,,,22,,35,
2008/6/25,2008,6,25,,19.4,,15,,17.2,,0.8,,0,,,M,,M,0,,,,28,,41,
2008/6/26,2008,6,26,,21.8,,15.1,,18.5,,0,,0.5,,,M,,M,0.9,,,,27,,32,
2008/6/27,2008,6,27,,17.5,,13.8,,15.7,,2.3,,0,,,M,,M,6.2,,,,,,<31,
2008/6/28,2008,6,28,,16.1,,12.5,,14.3,,3.7,,0,,,M,,M,0,,,,2,,44,
2008/6/29,2008,6,29,,14.4,,12.1,,13.3,,4.7,,0,,,M,,M,21.1,,,,15,,57,
2008/6/30,2008,6,30,,19.6,,13.3,,16.5,,1.5,,0,,,M,,M,1.4,,,,17,,46,
2008/7/1,2008,7,1,,23.9,,16.2,,20.1,,0,,2.1,,,M,,M,0,,,,20,,33,
2008/7/2,2008,7,2,,25.1,,15.9,,20.5,,0,,2.5,,,M,,M,0,,,,20,,35,
2008/7/3,2008,7,3,,25.9,,16.9,,21.4,,0,,3.4,,,M,,M,0,,,,22,,48,
2008/7/4,2008,7,4,,19,,13.5,,16.3,,1.7,,0,,,M,,M,0.6,,,,28,,37,
2008/7/5,2008,7,5,,20.9,,13.2,,17.1,,0.9,,0,,,M,,M,0,,,,,,<31,
2008/7/6,2008,7,6,,26.3,,15.3,,20.8,,0,,2.8,,,M,,M,0.6,,,,21,,32,
2008/7/7,2008,7,7,,24,,16.5,,20.3,,0,,2.3,,,M,,M,0,,,,21,,35,
2008/7/8,2008,7,8,,24.5,,18.4,,21.5,,0,,3.5,,,M,,M,0.6,,,,25,,33,
2008/7/9,2008,7,9,,25.8,,18.4,,22.1,,0,,4.1,,,M,,M,0,,,,20,,39,
2008/7/10,2008,7,10,,25,,18.5,,21.8,,0,,3.8,,,M,,M,0,,,,21,,48,
2008/7/11,2008,7,11,,21.4,,12.8,,17.1,,0.9,,0,,,M,,M,0,,,,30,,32,
2008/7/12,2008,7,12,,21.1,,12.1,,16.6,,1.4,,0,,,M,,M,0.7,,,,,,<31,
2008/7/13,2008,7,13,,23.7,,13.5,,18.6,,0,,0.6,,,M,,M,0.8,,,,20,,48,
2008/7/14,2008,7,14,,23.7,,17.2,,20.5,,0,,2.5,,,M,,M,5.9,,,,16,,52,
2008/7/15,2008,7,15,,24.6,,18,,21.3,,0,,3.3,,,M,,M,0,,,,22,,33,
2008/7/16,2008,7,16,,25.5,,17.8,,21.7,,0,,3.7,,,M,,M,0,,,,,,<31,
2008/7/17,2008,7,17,,25,,17.9,,21.5,,0,,3.5,,,M,,M,0,,,,17,,32,
2008/7/18,2008,7,18,,23.8,,17.9,,20.9,,0,,2.9,,,M,,M,0,,,,,,<31,
2008/7/19,2008,7,19,,21,,14.9,,18,,0,,0,,,M,,M,25.6,,,,,,<31,
2008/7/20,2008,7,20,,23.2,,14.1,,18.7,,0,,0.7,,,M,,M,0,,,,16,,35,
2008/7/21,2008,7,21,,19,,17.8,,18.4,,0,,0.4,,,M,,M,7.2,,,,17,,35,
2008/7/22,2008,7,22,,20.2,,16.7,,18.5,,0,,0.5,,,M,,M,0,,,,5,,32,
2008/7/23,2008,7,23,,20.8,,15.1,,18,,0,,0,,,M,,M,0,,,,,,<31,
2008/7/24,2008,7,24,,22.6,,16.2,,19.4,,0,,1.4,,,M,,M,0,,,,19,,37,
2008/7/25,2008,7,25,,25.3,,19.5,,22.4,,0,,4.4,,,M,,M,0.7,,,,17,,41,
2008/7/26,2008,7,26,,24.8,,18.1,,21.5,,0,,3.5,,,M,,M,4,,,,18,,39,
2008/7/27,2008,7,27,,24.8,,17.5,,21.2,,0,,3.2,,,M,,M,0,,,,22,,32,
2008/7/28,2008,7,28,,23.1,,18.1,,20.6,,0,,2.6,,,M,,M,2.5,,,,21,,32,
2008/7/29,2008,7,29,,22.7,,17,,19.9,,0,,1.9,,,M,,M,0,,,,,,<31,
2008/7/30,2008,7,30,,23.9,,15.9,,19.9,,0,,1.9,,,M,,M,3.3,,,,,,<31,
2008/7/31,2008,7,31,,23.8,,15.6,,19.7,,0,,1.7,,,M,,M,0,,,,,,<31,
2008/8/1,2008,8,1,,24,,17.9,,21,,0,,3,,,M,,M,0,,,,9,,37,
2008/8/2,2008,8,2,,20.5,,14.5,,17.5,,0.5,,0,,,M,,M,1.3,,,,14,,32,
2008/8/3,2008,8,3,,19.3,,13.5,,16.4,,1.6,,0,,,M,,M,8,,,,12,,44,
2008/8/4,2008,8,4,,17.2,,11.3,,14.3,,3.7,,0,,,M,,M,26.7,,,,11,,43,
2008/8/5,2008,8,5,,15.2,,10.1,,12.7,,5.3,,0,,,M,,M,0.6,,,,6,,43,
2008/8/6,2008,8,6,,15.9,,9.6,,12.8,,5.2,,0,,,M,,M,0,,,,,,<31,
2008/8/7,2008,8,7,,18,,11,,14.5,,3.5,,0,,,M,,M,0,,,,,,<31,
2008/8/8,2008,8,8,,20.3,,13.6,,17,,1,,0,,,M,,M,0,,,,,,<31,
2008/8/9,2008,8,9,,18.3,,13.2,,15.8,,2.2,,0,,,M,,M,7.1,,,,17,,32,
2008/8/10,2008,8,10,,18.1,,14.9,,16.5,,1.5,,0,,,M,,M,0,,,,,,<31,
2008/8/11,2008,8,11,,21.4,,14.7,,18.1,,0,,0.1,,,M,,M,0.6,,,,,,<31,
2008/8/12,2008,8,12,,18.8,,16,,17.4,,0.6,,0,,,M,,M,2.4,,,,,,<31,
2008/8/13,2008,8,13,,21.4,,14.9,,18.2,,0,,0.2,,,M,,M,22.5,,,,29,,32,
2008/8/14,2008,8,14,,20.8,,15.1,,18,,0,,0,,,M,,M,8.9,,,,,,<31,
2008/8/15,2008,8,15,,21.3,,15,,18.2,,0,,0.2,,,M,,M,0.6,,,,32,,33,
2008/8/16,2008,8,16,,21.7,,16.3,,19,,0,,1,,,M,,M,11,,,,21,,37,
2008/8/17,2008,8,17,,25.9,,16.2,,21.1,,0,,3.1,,,M,,M,5.8,,,,30,,44,
2008/8/18,2008,8,18,,22.5,,12.3,,17.4,,0.6,,0,,,M,,M,0,,,,21,,33,
2008/8/19,2008,8,19,,25.5,,14.1,,19.8,,0,,1.8,,,M,,M,59.1,,,,32,,46,
2008/8/20,2008,8,20,,16.5,,12.4,,14.5,,3.5,,0,,,M,,M,1.5,,,,30,,57,
2008/8/21,2008,8,21,,20.3,,14.8,,17.6,,0.4,,0,,,M,,M,0,,,,29,,50,
2008/8/22,2008,8,22,,24.8,,12.7,,18.8,,0,,0.8,,,M,,M,0,,,,,,<31,
2008/8/23,2008,8,23,,25.5,,16.9,,21.2,,0,,3.2,,,M,,M,0,,,,21,,33,
2008/8/24,2008,8,24,,23.7,,16.3,,20,,0,,2,,,M,,M,0,,,,19,,41,
2008/8/25,2008,8,25,,24.7,,18.2,,21.5,,0,,3.5,,,M,,M,24.7,,,,17,,35,
2008/8/26,2008,8,26,,19.6,,15.9,,17.8,,0.2,,0,,,M,,M,5.9,,,,2,,46,
2008/8/27,2008,8,27,,20.7,,17.2,,19,,0,,1,,,M,,M,0,,,,2,,52,
2008/8/28,2008,8,28,,19.7,,15.5,,17.6,,0.4,,0,,,M,,M,3,,,,7,,59,
2008/8/29,2008,8,29,,20.6,,16,,18.3,,0,,0.3,,,M,,M,0,,,,8,,48,
2008/8/30,2008,8,30,,21.2,,15.6,,18.4,,0,,0.4,,,M,,M,0.6,,,,33,,33,
2008/8/31,2008,8,31,,20.9,,16.2,,18.6,,0,,0.6,,,M,,M,15.1,,,,35,,50,
2008/9/1,2008,9,1,,19.7,,15.9,,17.8,,0.2,,0,,,M,,M,5.6,,,,1,,56,
2008/9/2,2008,9,2,,20,,12.9,,16.5,,1.5,,0,,,M,,M,0,,,,10,,35,
2008/9/3,2008,9,3,,19.5,,11.9,,15.7,,2.3,,0,,,M,,M,6.8,,,,16,,35,
2008/9/4,2008,9,4,,20.3,,17,,18.7,,0,,0.7,,,M,,M,1.9,,,,25,,50,
2008/9/5,2008,9,5,,20.2,,15.7,,18,,0,,0,,,M,,M,0,,,,18,,35,
2008/9/6,2008,9,6,,23.6,,17.6,,20.6,,0,,2.6,,,M,,M,0,,,,21,,48,
2008/9/7,2008,9,7,,19.9,,16.1,,18,,0,,0,,,M,,M,80.1,,,,4,,70,
2008/9/8,2008,9,8,,19.1,,13.2,,16.2,,1.8,,0,,,M,,M,0.6,,,,30,,44,
2008/9/9,2008,9,9,,21.9,,13.3,,17.6,,0.4,,0,,,M,,M,0.6,,,,21,,56,
2008/9/10,2008,9,10,,17.3,,14.3,,15.8,,2.2,,0,,,M,,M,1.3,,,,29,,54,
2008/9/11,2008,9,11,,18,,8.8,,13.4,,4.6,,0,,,M,,M,0,,,,34,,43,
2008/9/12,2008,9,12,,18.9,,10.4,,14.7,,3.3,,0,,,M,,M,0,,,,21,,35,
2008/9/13,2008,9,13,,16,,14.3,,15.2,,2.8,,0,,,M,,M,,M,,,24,,33,
2008/9/14,2008,9,14,,18.5,,13.3,,15.9,,2.1,,0,,,M,,M,0,,,,18,,57,
2008/9/15,2008,9,15,,20.5,,14,,17.3,,0.7,,0,,,M,,M,0,,,,17,,67,
2008/9/16,2008,9,16,,15.2,,9.1,,12.2,,5.8,,0,,,M,,M,0,,,,34,,54,
2008/9/17,2008,9,17,,18.5,,8.4,,13.5,,4.5,,0,,,M,,M,0,,,,22,,39,
2008/9/18,2008,9,18,,15.7,,9.9,,12.8,,5.2,,0,,,M,,M,0,,,,32,,57,
2008/9/19,2008,9,19,,13.2,,6.8,,10,,8,,0,,,M,,M,,M,,,19,,46,
2008/9/20,2008,9,20,,17.6,,10,,13.8,,4.2,,0,,,M,,M,0,,,,20,,50,
2008/9/21,2008,9,21,,15.1,,10,,12.6,,5.4,,0,,,M,,M,0,,,,36,,39,
2008/9/22,2008,9,22,,14.3,,4.5,,9.4,,8.6,,0,,,M,,M,,M,,,31,,33,
2008/9/23,2008,9,23,,13.3,,4,,8.7,,9.3,,0,,,M,,M,,M,,,32,,41,
2008/9/24,2008,9,24,,13.5,,2.8,,8.2,,9.8,,0,,,M,,M,0,,,,33,,33,
2008/9/25,2008,9,25,,17.5,,3.2,,10.4,,7.6,,0,,,M,,M,0,,,,19,,39,
2008/9/26,2008,9,26,,17.9,,12.1,,15,,3,,0,,,M,,M,0,,,,22,,37,
2008/9/27,2008,9,27,,17.3,,13.3,,15.3,,2.7,,0,,,M,,M,2.4,,,,16,,46,
2008/9/28,2008,9,28,,19.5,,15.8,,17.7,,0.3,,0,,,M,,M,0.7,,,,14,,78,
2008/9/29,2008,9,29,,19.1,,11.6,,15.4,,2.6,,0,,,M,,M,0,,,,15,,80,
2008/9/30,2008,9,30,,13.4,,10.5,,12,,6,,0,,,M,,M,0,,,,30,,37,
2008/10/1,2008,10,1,,15,,7.8,,11.4,,6.6,,0,,,M,,M,0,,,,31,,37,
2008/10/2,2008,10,2,,16,,11.4,,13.7,,4.3,,0,,,M,,M,4.6,,,,15,,57,
2008/10/3,2008,10,3,,15.7,,7.3,,11.5,,6.5,,0,,,M,,M,4,,,,26,,65,
2008/10/4,2008,10,4,,12.4,,6.9,,9.7,,8.3,,0,,,M,,M,2.9,,,,25,,46,
2008/10/5,2008,10,5,,12.3,,5.7,,9,,9,,0,,,M,,M,0.7,,,,31,,33,
2008/10/6,2008,10,6,,12,,6.6,,9.3,,8.7,,0,,,M,,M,0,,,,28,,44,
2008/10/7,2008,10,7,,10.3,,7.9,,9.1,,8.9,,0,,,M,,M,0.7,,,,35,,63,
2008/10/8,2008,10,8,,10.5,,2,,6.3,,11.7,,0,,,M,,M,0,,,,35,,63,
2008/10/9,2008,10,9,,14.6,,8.5,,11.6,,6.4,,0,,,M,,M,2.3,,,,21,,44,
2008/10/10,2008,10,10,,15,,10.4,,12.7,,5.3,,0,,,M,,M,0,,,,31,,57,
2008/10/11,2008,10,11,,13.3,,9.1,,11.2,,6.8,,0,,,M,,M,0,,,,30,,44,
2008/10/12,2008,10,12,,13.5,,4,,8.8,,9.2,,0,,,M,,M,0,,,,,,<31,
2008/10/13,2008,10,13,,11.6,,8.7,,10.2,,7.8,,0,,,M,,M,2.6,,,,1,,46,
2008/10/14,2008,10,14,,13.2,,7.6,,10.4,,7.6,,0,,,M,,M,0,,,,20,,67,
2008/10/15,2008,10,15,,12.9,,6.4,,9.7,,8.3,,0,,,M,,M,0,,,,22,,46,
2008/10/16,2008,10,16,,14.1,,10.1,,12.1,,5.9,,0,,,M,,M,5.9,,,,20,,39,
2008/10/17,2008,10,17,,12.8,,8.3,,10.6,,7.4,,0,,,M,,M,8.2,,,,32,,48,
2008/10/18,2008,10,18,,9.6,,5.5,,7.6,,10.4,,0,,,M,,M,0,,,,32,,44,
2008/10/19,2008,10,19,,9.6,,2.8,,6.2,,11.8,,0,,,M,,M,0,,,,36,,32,
2008/10/20,2008,10,20,,10.9,,4.6,,7.8,,10.2,,0,,,M,,M,0,,,,5,,52,
2008/10/21,2008,10,21,,10.3,,7.4,,8.9,,9.1,,0,,,M,,M,0,,,,2,,63,
2008/10/22,2008,10,22,,8.1,,5.4,,6.8,,11.2,,0,,,M,,M,0.6,,,,5,,69,
2008/10/23,2008,10,23,,7.9,,4.6,,6.3,,11.7,,0,,,M,,M,0,,,,4,,69,
2008/10/24,2008,10,24,,10.5,,2.8,,6.7,,11.3,,0,,,M,,M,0,,,,31,,41,
2008/10/25,2008,10,25,,12.9,,3.8,,8.4,,9.6,,0,,,M,,M,0,,,,16,,44,
2008/10/26,2008,10,26,,13.5,,9.6,,11.6,,6.4,,0,,,M,,M,0,,,,16,,59,
2008/10/27,2008,10,27,,14.3,,11.5,,12.9,,5.1,,0,,,M,,M,8.6,,,,16,,59,
2008/10/28,2008,10,28,,14.9,,10.3,,12.6,,5.4,,0,,,M,,M,2.9,,,,12,,65,
2008/10/29,2008,10,29,,14.3,,6.1,,10.2,,7.8,,0,,,M,,M,3.8,,,,21,,67,
2008/10/30,2008,10,30,,8.8,,3.8,,6.3,,11.7,,0,,,M,,M,0,,,,21,,56,
2008/10/31,2008,10,31,,7.5,,2.4,,5,,13,,0,,,M,,M,0.7,,,,23,,50,
2008/11/1,2008,11,1,,7.6,,1.3,,4.5,,13.5,,0,,,M,,M,0,,,,31,,57,
2008/11/2,2008,11,2,,3.5,,-1.4,,1.1,,16.9,,0,,,M,,M,4.2,,,,33,,80,
2008/11/3,2008,11,3,,7,,-0.3,,3.4,,14.6,,0,,,M,,M,0,,,,21,,46,
2008/11/4,2008,11,4,,9.5,,3.7,,6.6,,11.4,,0,,,M,,M,0,,,,28,,32,
2008/11/5,2008,11,5,,13.9,,9.2,,11.6,,6.4,,0,,,M,,M,0,,,,23,,43,
2008/11/6,2008,11,6,,17.3,,10.4,,13.9,,4.1,,0,,,M,,M,0,,,,22,,35,
2008/11/7,2008,11,7,,13.7,,9.4,,11.6,,6.4,,0,,,M,,M,4.6,,,,17,,35,
2008/11/8,2008,11,8,,13.1,,9.5,,11.3,,6.7,,0,,,M,,M,0.6,,,,,,<31,
2008/11/9,2008,11,9,,14.5,,10.6,,12.6,,5.4,,0,,,M,,M,0,,,,17,,41,
2008/11/10,2008,11,10,,11.6,,7.3,,9.5,,8.5,,0,,,M,,M,1.2,,,,25,,43,
2008/11/11,2008,11,11,,9.5,,2.9,,6.2,,11.8,,0,,,M,,M,6.4,,,,24,,72,
2008/11/12,2008,11,12,,7,,0.8,,3.9,,14.1,,0,,,M,,M,3,,,,29,,65,
2008/11/13,2008,11,13,,5.9,,-0.4,,2.8,,15.2,,0,,,M,,M,0.7,,,,32,,37,
2008/11/14,2008,11,14,,9.5,,4.6,,7.1,,10.9,,0,,,M,,M,0,,,,16,,56,
2008/11/15,2008,11,15,,12.8,,9,,10.9,,7.1,,0,,,M,,M,4.3,,,,17,,50,
2008/11/16,2008,11,16,,15.1,,8.2,,11.7,,6.3,,0,,,M,,M,8.1,,,,21,,74,
2008/11/17,2008,11,17,,8.3,,1.8,,5.1,,12.9,,0,,,M,,M,0.6,,,,25,,61,
2008/11/18,2008,11,18,,6.6,,1.1,,3.9,,14.1,,0,,,M,,M,4.8,,,,3,,44,
2008/11/19,2008,11,19,,6.1,,2.8,,4.5,,13.5,,0,,,M,,M,17,,,,3,,78,
2008/11/20,2008,11,20,,2.9,,-3.1,,-0.1,,18.1,,0,,,M,,M,0.6,,,,30,,74,
2008/11/21,2008,11,21,,,M,-5.1,E,,M,,M,,M,,M,,M,,M,,,,,<31,
2008/11/22,2008,11,22,,11.6,,-5.5,,3.1,,14.9,,0,,,M,,M,21.6,,,,17,,96,
2008/11/23,2008,11,23,,-3.3,,-6.2,,-4.8,,22.8,,0,,,M,,M,0,,,,24,,52,
2008/11/24,2008,11,24,,-1,,-6.6,,-3.8,,21.8,,0,,,M,,M,0,,,,24,,35,
2008/11/25,2008,11,25,,2.9,,-7.3,,-2.2,,20.2,,0,,,M,,M,0,,,,12,,54,
2008/11/26,2008,11,26,,6.1,,2.8,,4.5,,13.5,,0,,,M,,M,5.3,,,,12,,57,
2008/11/27,2008,11,27,,5.9,,1,,3.5,,14.5,,0,,,M,,M,0.6,,,,,,<31,
2008/11/28,2008,11,28,,6.9,,-0.7,,3.1,,14.9,,0,,,M,,M,0,,,,16,,41,
2008/11/29,2008,11,29,,8.5,,0.3,,4.4,,13.6,,0,,,M,,M,0,,,,22,,52,
2008/11/30,2008,11,30,,4.7,,-1.3,,1.7,,16.3,,0,,,M,,M,,M,,,23,,33,
2008/12/1,2008,12,1,,11.6,,2.9,,7.3,,10.7,,0,,,M,,M,15.4,,,,10,,54,
2008/12/2,2008,12,2,,10.1,,3.9,,7,,11,,0,,,M,,M,0,,,,24,,52,
2008/12/3,2008,12,3,,4.6,,-0.9,,1.9,,16.1,,0,,,M,,M,,M,,,30,,33,
2008/12/4,2008,12,4,,7.8,,-1,,3.4,,14.6,,0,,,M,,M,0.6,,,,20,,63,
2008/12/5,2008,12,5,,5.7,,-2.7,,1.5,,16.5,,0,,,M,,M,0,,,,30,,48,
2008/12/6,2008,12,6,,-0.1,,-5.1,,-2.6,,20.6,,0,,,M,,M,,M,,,30,,37,
2008/12/7,2008,12,7,,4.3,,-0.1,,2.1,,15.9,,0,,,M,,M,23.4,,,,2,,78,
2008/12/8,2008,12,8,,1.9,,-6.1,,-2.1,,20.1,,0,,,M,,M,1.9,,,,21,,83,
2008/12/9,2008,12,9,,5.2,,-8.9,,-1.9,,19.9,,0,,,M,,M,3,,,,30,,74,
2008/12/10,2008,12,10,,11.4,,1,,6.2,,11.8,,0,,,M,,M,18.8,,,,20,,63,
2008/12/11,2008,12,11,,1.1,,-0.8,,0.2,,17.8,,0,,,M,,M,1.5,,,,4,,44,
2008/12/12,2008,12,12,,13.9,,0.4,,7.2,,10.8,,0,,,M,,M,31.8,,,,17,,61,
2008/12/13,2008,12,13,,6.3,,-3.9,,1.2,,16.8,,0,,,M,,M,1.4,,,,30,,59,
2008/12/14,2008,12,14,,1.6,,-5.7,,-2.1,,20.1,,0,,,M,,M,0,,,,32,,59,
2008/12/15,2008,12,15,,10,,1.6,,5.8,,12.2,,0,,,M,,M,0,,,,22,,57,
2008/12/16,2008,12,16,,11.5,,-4.2,,3.7,,14.3,,0,,,M,,M,3.4,,,,22,,63,
2008/12/17,2008,12,17,,0.2,,-4.5,,-2.2,,20.2,,0,,,M,,M,4.8,,,,7,,50,
2008/12/18,2008,12,18,,0.5,,-7.1,,-3.3,,21.3,,0,,,M,,M,1.6,,,,26,,46,
2008/12/19,2008,12,19,,-5.5,,-11.1,,-8.3,,26.3,,0,,,M,,M,0,,,,29,,72,
2008/12/20,2008,12,20,,-6.7,,-8.6,,-7.7,,25.7,,0,,,M,,M,0,,,,3,,48,
2008/12/21,2008,12,21,,-2.6,,-8.3,,-5.5,,23.5,,0,,,M,,M,0.8,,,,8,,95,
2008/12/22,2008,12,22,,2.3,,-7.1,,-2.4,,20.4,,0,,,M,,M,1.3,,,,20,,119,
2008/12/23,2008,12,23,,-4.1,,-12,,-8.1,,26.1,,0,,,M,,M,0,,,,30,,74,
2008/12/24,2008,12,24,,3.2,,-12,,-4.4,,22.4,,0,,,M,,M,3.7,,,,18,,52,
2008/12/25,2008,12,25,,7.6,,-5,,1.3,,16.7,,0,,,M,,M,11,,,,22,,89,
2008/12/26,2008,12,26,,-4.9,,-10.4,,-7.7,,25.7,,0,,,M,,M,0,,,,23,,61,
2008/12/27,2008,12,27,,-0.4,,-10.4,,-5.4,,23.4,,0,,,M,,M,0,,,,15,,56,
2008/12/28,2008,12,28,,4.7,E,-4.7,E,0,E,18,E,0,E,,M,,M,1.8,,,,16,E,63,E
2008/12/29,2008,12,29,,8.5,,-1.2,,3.7,,14.3,,0,,,M,,M,0,,,,23,,69,
2008/12/30,2008,12,30,,-1.1,,-3.7,,-2.4,,20.4,,0,,,M,,M,0,,,,29,,46,
2008/12/31,2008,12,31,,-2.1,,-3.7,,-2.9,,20.9,,0,,,M,,M,0,,,,25,,48,
